-- MySQL dump 10.11
--
-- Host: localhost    Database: elar
-- ------------------------------------------------------
-- Server version	5.0.51a-24+lenny4-log

/*!40101 SET @OLD_CHARACTER_SET_CLIENT=@@CHARACTER_SET_CLIENT */;
/*!40101 SET @OLD_CHARACTER_SET_RESULTS=@@CHARACTER_SET_RESULTS */;
/*!40101 SET @OLD_COLLATION_CONNECTION=@@COLLATION_CONNECTION */;
/*!40101 SET NAMES utf8 */;
/*!40103 SET @OLD_TIME_ZONE=@@TIME_ZONE */;
/*!40103 SET TIME_ZONE='+00:00' */;
/*!40014 SET @OLD_UNIQUE_CHECKS=@@UNIQUE_CHECKS, UNIQUE_CHECKS=0 */;
/*!40014 SET @OLD_FOREIGN_KEY_CHECKS=@@FOREIGN_KEY_CHECKS, FOREIGN_KEY_CHECKS=0 */;
/*!40101 SET @OLD_SQL_MODE=@@SQL_MODE, SQL_MODE='NO_AUTO_VALUE_ON_ZERO' */;
/*!40111 SET @OLD_SQL_NOTES=@@SQL_NOTES, SQL_NOTES=0 */;

--
-- Table structure for table `actions`
--

DROP TABLE IF EXISTS `actions`;
SET @saved_cs_client     = @@character_set_client;
SET character_set_client = utf8;
CREATE TABLE `actions` (
  `id_action` int(11) NOT NULL auto_increment,
  `id_rule` int(11) default NULL,
  `id_device` int(11) default NULL,
  `value` double default NULL,
  `is_active` tinyint(1) default NULL,
  `is_deleted` tinyint(1) default NULL,
  PRIMARY KEY  (`id_action`),
  KEY `fk_actions_rules1` (`id_rule`),
  KEY `fk_actions_devices1` (`id_device`),
  CONSTRAINT `fk_actions_devices1` FOREIGN KEY (`id_device`) REFERENCES `devices` (`id_device`) ON DELETE NO ACTION ON UPDATE NO ACTION,
  CONSTRAINT `fk_actions_rules1` FOREIGN KEY (`id_rule`) REFERENCES `rules` (`id_rule`) ON DELETE NO ACTION ON UPDATE NO ACTION
) ENGINE=InnoDB AUTO_INCREMENT=2 DEFAULT CHARSET=utf8;
SET character_set_client = @saved_cs_client;

--
-- Dumping data for table `actions`
--

LOCK TABLES `actions` WRITE;
/*!40000 ALTER TABLE `actions` DISABLE KEYS */;
INSERT INTO `actions` VALUES (1,1,3,555,1,NULL);
/*!40000 ALTER TABLE `actions` ENABLE KEYS */;
UNLOCK TABLES;

--
-- Table structure for table `alerts`
--

DROP TABLE IF EXISTS `alerts`;
SET @saved_cs_client     = @@character_set_client;
SET character_set_client = utf8;
CREATE TABLE `alerts` (
  `id_alert` int(11) NOT NULL auto_increment,
  `id_rule` int(11) default NULL,
  `notification_type` int(11) default NULL COMMENT '0 : SMS\n1 : Telephone\n2 : Mail\netc.\n\n(User defined)',
  `message` varchar(255) default NULL,
  `date` int(11) default NULL,
  `is_sent` tinyint(1) default NULL,
  `is_active` tinyint(1) default NULL,
  `is_deleted` tinyint(1) default NULL,
  PRIMARY KEY  (`id_alert`),
  KEY `fk_alerts_rules1` (`id_rule`),
  CONSTRAINT `fk_alerts_rules1` FOREIGN KEY (`id_rule`) REFERENCES `rules` (`id_rule`) ON DELETE NO ACTION ON UPDATE NO ACTION
) ENGINE=InnoDB DEFAULT CHARSET=utf8 COMMENT='Alert types and definitions.';
SET character_set_client = @saved_cs_client;

--
-- Dumping data for table `alerts`
--

LOCK TABLES `alerts` WRITE;
/*!40000 ALTER TABLE `alerts` DISABLE KEYS */;
/*!40000 ALTER TABLE `alerts` ENABLE KEYS */;
UNLOCK TABLES;

--
-- Table structure for table `conditions`
--

DROP TABLE IF EXISTS `conditions`;
SET @saved_cs_client     = @@character_set_client;
SET character_set_client = utf8;
CREATE TABLE `conditions` (
  `id_condition` int(11) NOT NULL auto_increment,
  `id_rule` int(11) default NULL,
  `id_device` int(11) default NULL,
  `operator` int(2) default '0' COMMENT 'Valid operators: 0: == 1: >= 2: <= 3: > 4: < 5: !=',
  `condition_type` tinyint(1) default NULL COMMENT '0 : Value condition\n1 : Time condition ',
  `value` double default NULL COMMENT 'Value of device\nor selected time\n\n(depends on condition type)',
  `is_active` tinyint(1) default NULL,
  `is_deleted` tinyint(1) default NULL,
  PRIMARY KEY  (`id_condition`),
  KEY `fk_conditions_rules1` (`id_rule`),
  KEY `fk_conditions_devices1` (`id_device`),
  CONSTRAINT `fk_conditions_devices1` FOREIGN KEY (`id_device`) REFERENCES `devices` (`id_device`) ON DELETE NO ACTION ON UPDATE NO ACTION,
  CONSTRAINT `fk_conditions_rules1` FOREIGN KEY (`id_rule`) REFERENCES `rules` (`id_rule`) ON DELETE NO ACTION ON UPDATE NO ACTION
) ENGINE=InnoDB AUTO_INCREMENT=2 DEFAULT CHARSET=utf8;
SET character_set_client = @saved_cs_client;

--
-- Dumping data for table `conditions`
--

LOCK TABLES `conditions` WRITE;
/*!40000 ALTER TABLE `conditions` DISABLE KEYS */;
INSERT INTO `conditions` VALUES (1,1,2,0,0,777,NULL,NULL);
/*!40000 ALTER TABLE `conditions` ENABLE KEYS */;
UNLOCK TABLES;

--
-- Table structure for table `configuration`
--

DROP TABLE IF EXISTS `configuration`;
SET @saved_cs_client     = @@character_set_client;
SET character_set_client = utf8;
CREATE TABLE `configuration` (
  `id_configuration` int(11) NOT NULL auto_increment,
  `screen_width` int(11) NOT NULL,
  `screen_height` int(11) NOT NULL,
  `secret_number` int(11) NOT NULL default '111',
  PRIMARY KEY  (`id_configuration`)
) ENGINE=InnoDB AUTO_INCREMENT=2 DEFAULT CHARSET=utf8;
SET character_set_client = @saved_cs_client;

--
-- Dumping data for table `configuration`
--

LOCK TABLES `configuration` WRITE;
/*!40000 ALTER TABLE `configuration` DISABLE KEYS */;
INSERT INTO `configuration` VALUES (1,800,600,111);
/*!40000 ALTER TABLE `configuration` ENABLE KEYS */;
UNLOCK TABLES;

--
-- Table structure for table `devices`
--

DROP TABLE IF EXISTS `devices`;
SET @saved_cs_client     = @@character_set_client;
SET character_set_client = utf8;
CREATE TABLE `devices` (
  `id_device` int(11) NOT NULL auto_increment,
  `id_mote` int(11) default NULL,
  `device_type` tinyint(1) default NULL COMMENT '0 : Sensor\n1 : Actuator',
  `io_type` tinyint(1) default NULL COMMENT '0 : Analog\n1 : Digital',
  `name` varchar(100) default NULL,
  `description` varchar(255) default NULL,
  `default_value` double default NULL,
  `min_value` double default NULL,
  `max_value` double default NULL,
  `is_recorded` tinyint(1) default NULL COMMENT '0 : write only to table volatile\n1 : write to volatile and records (for historial analysis)',
  `id_panel` int(11) default NULL,
  `read_order` int(11) default NULL COMMENT 'Order of received parameter from Squidbee\n1 : first\n2 : second\n3 : third',
  `measure_unit` varchar(50) default NULL COMMENT 'Unit for value measured by device (C, F, Lux, etc.)',
  `pos_x` int(11) NOT NULL default '0',
  `pos_y` int(11) NOT NULL default '0',
  `is_active` tinyint(1) default NULL,
  `is_deleted` tinyint(1) default NULL,
  PRIMARY KEY  (`id_device`),
  KEY `fk_devices_motes` (`id_mote`),
  KEY `fk_devices_panels1` (`id_panel`),
  CONSTRAINT `fk_devices_motes` FOREIGN KEY (`id_mote`) REFERENCES `motes` (`id_mote`) ON DELETE NO ACTION ON UPDATE NO ACTION,
  CONSTRAINT `fk_devices_panels1` FOREIGN KEY (`id_panel`) REFERENCES `panels` (`id_panel`) ON DELETE NO ACTION ON UPDATE NO ACTION
) ENGINE=InnoDB AUTO_INCREMENT=16 DEFAULT CHARSET=utf8 COMMENT='Identifies independent devices conected to motes';
SET character_set_client = @saved_cs_client;

--
-- Dumping data for table `devices`
--

LOCK TABLES `devices` WRITE;
/*!40000 ALTER TABLE `devices` DISABLE KEYS */;
INSERT INTO `devices` VALUES (1,1,0,1,'Entrada Dixital','Luz Entrada',0,NULL,NULL,1,1,NULL,NULL,200,100,NULL,NULL),(2,1,1,1,'Saída Dixital','Luz Salón',0,NULL,NULL,1,1,NULL,NULL,200,210,NULL,NULL),(3,1,0,0,'Entrada Analóxica','Sensor de luz',469,NULL,NULL,1,1,1,NULL,200,320,NULL,NULL),(4,1,0,0,'Entrada Analóxica','Sensor Humedade',537,0,NULL,NULL,2,2,NULL,200,100,NULL,NULL),(5,1,0,0,'Entrada Analóxica','Sensor Temperatura',402,-20,150,1,2,3,'C',200,210,NULL,NULL),(6,1,1,0,'Saída Analóxica','Controlador do radiador',25,100,200,1,2,NULL,NULL,200,320,NULL,NULL),(7,2,0,0,'Entrada Analóxica','Luz',266,NULL,NULL,1,3,1,NULL,200,100,NULL,NULL),(8,2,0,0,'Entrada Analóxica','Humedade',562,NULL,NULL,1,3,2,NULL,200,210,NULL,NULL),(9,2,0,0,'Entrada Analóxica','Temperatura',150,NULL,NULL,NULL,3,3,NULL,200,320,NULL,NULL),(10,3,0,0,'Entrada Analóxica','Luz mota 3',293,NULL,NULL,1,4,1,NULL,200,100,1,0),(11,3,0,0,'Entrada Analóxica','Humedade Mota 3',565,NULL,NULL,NULL,4,2,NULL,200,210,NULL,NULL),(12,3,0,0,'Entrada Analóxica','Temperatura mota 3',149,NULL,NULL,NULL,4,3,NULL,200,320,1,NULL),(13,4,0,0,'Entrada Analóxica','Mota 4 Luz',235,NULL,NULL,1,5,1,NULL,200,100,1,NULL),(14,4,0,0,'Entrada Analóxica','Humedade Mota 4',556,NULL,NULL,1,5,2,NULL,200,210,NULL,NULL),(15,4,0,0,'Entrada Analóxica','Temperatura mota 4',151,NULL,NULL,1,5,3,NULL,200,320,1,NULL);
/*!40000 ALTER TABLE `devices` ENABLE KEYS */;
UNLOCK TABLES;

--
-- Table structure for table `locations`
--

DROP TABLE IF EXISTS `locations`;
SET @saved_cs_client     = @@character_set_client;
SET character_set_client = utf8;
CREATE TABLE `locations` (
  `id_location` int(11) NOT NULL auto_increment,
  `name` varchar(100) default NULL,
  `description` varchar(255) default NULL,
  `is_active` tinyint(1) default NULL,
  `is_deleted` tinyint(1) default NULL,
  PRIMARY KEY  (`id_location`)
) ENGINE=InnoDB AUTO_INCREMENT=2 DEFAULT CHARSET=utf8 COMMENT='Identifies locations for motes and not grouped sensors';
SET character_set_client = @saved_cs_client;

--
-- Dumping data for table `locations`
--

LOCK TABLES `locations` WRITE;
/*!40000 ALTER TABLE `locations` DISABLE KEYS */;
INSERT INTO `locations` VALUES (1,'Habitación Moncho','Temos varios tipos de sensores.',NULL,NULL);
/*!40000 ALTER TABLE `locations` ENABLE KEYS */;
UNLOCK TABLES;

--
-- Table structure for table `motes`
--

DROP TABLE IF EXISTS `motes`;
SET @saved_cs_client     = @@character_set_client;
SET character_set_client = utf8;
CREATE TABLE `motes` (
  `id_mote` int(11) NOT NULL auto_increment,
  `description` varchar(255) default NULL,
  `mote_identifier` int(11) default NULL,
  `id_location` int(11) default NULL,
  `is_active` tinyint(1) default NULL,
  `is_deleted` tinyint(1) default NULL,
  PRIMARY KEY  (`id_mote`),
  KEY `fk_motes_locations1` (`id_location`),
  CONSTRAINT `fk_motes_locations1` FOREIGN KEY (`id_location`) REFERENCES `locations` (`id_location`) ON DELETE NO ACTION ON UPDATE NO ACTION
) ENGINE=InnoDB AUTO_INCREMENT=5 DEFAULT CHARSET=utf8 COMMENT='Identifies motes (sensor groups in the system)';
SET character_set_client = @saved_cs_client;

--
-- Dumping data for table `motes`
--

LOCK TABLES `motes` WRITE;
/*!40000 ALTER TABLE `motes` DISABLE KEYS */;
INSERT INTO `motes` VALUES (1,'Primeira mota de proba',NULL,1,NULL,NULL),(2,'Mota 2',NULL,1,NULL,NULL),(3,'Mota 3',3,1,1,0),(4,'Mota 4',0,1,1,0);
/*!40000 ALTER TABLE `motes` ENABLE KEYS */;
UNLOCK TABLES;

--
-- Table structure for table `panels`
--

DROP TABLE IF EXISTS `panels`;
SET @saved_cs_client     = @@character_set_client;
SET character_set_client = utf8;
CREATE TABLE `panels` (
  `id_panel` int(11) NOT NULL auto_increment,
  `name` varchar(50) default NULL,
  `description` varchar(255) default NULL,
  `is_active` tinyint(1) default NULL,
  `is_deleted` tinyint(1) default NULL,
  PRIMARY KEY  (`id_panel`)
) ENGINE=InnoDB AUTO_INCREMENT=6 DEFAULT CHARSET=utf8 COMMENT='Device agrupations to form a panel.';
SET character_set_client = @saved_cs_client;

--
-- Dumping data for table `panels`
--

LOCK TABLES `panels` WRITE;
/*!40000 ALTER TABLE `panels` DISABLE KEYS */;
INSERT INTO `panels` VALUES (1,'Principal','Donde está todo',NULL,NULL),(2,'Secundario','Donde está o resto',NULL,NULL),(3,'Mota 2','Es la mota 2',1,0),(4,'Mota 3','Es la mota 3',NULL,NULL),(5,'Mota 4','Son a mota 4',1,NULL);
/*!40000 ALTER TABLE `panels` ENABLE KEYS */;
UNLOCK TABLES;

--
-- Table structure for table `records`
--

DROP TABLE IF EXISTS `records`;
SET @saved_cs_client     = @@character_set_client;
SET character_set_client = utf8;
CREATE TABLE `records` (
  `id_record` int(11) NOT NULL auto_increment,
  `id_device` int(11) default NULL,
  `date` int(11) default NULL,
  `value` double default NULL,
  PRIMARY KEY  (`id_record`),
  KEY `fk_records_devices1` (`id_device`),
  CONSTRAINT `fk_records_devices1` FOREIGN KEY (`id_device`) REFERENCES `devices` (`id_device`) ON DELETE NO ACTION ON UPDATE NO ACTION
) ENGINE=InnoDB AUTO_INCREMENT=715 DEFAULT CHARSET=utf8 COMMENT='Record device values if devices.is_recorded=1';
SET character_set_client = @saved_cs_client;

--
-- Dumping data for table `records`
--

LOCK TABLES `records` WRITE;
/*!40000 ALTER TABLE `records` DISABLE KEYS */;
INSERT INTO `records` VALUES (1,7,1288022260,242),(2,7,1288022360,245),(3,8,1288022360,561),(4,9,1288022360,150),(5,10,1288022781,207),(6,10,1288022821,208),(7,11,1288022821,571),(8,12,1288022821,149),(9,13,1288023322,496),(10,14,1288023322,552),(11,15,1288023322,152),(12,13,1288023342,495),(13,14,1288023342,551),(14,15,1288023342,152),(15,13,1288023362,496),(16,14,1288023362,545),(17,15,1288023362,151),(18,13,1288023382,497),(19,14,1288023382,555),(20,15,1288023382,151),(21,3,1288023538,462),(22,4,1288023538,516),(23,5,1288023538,434),(24,3,1288023539,458),(25,4,1288023539,509),(26,5,1288023539,416),(27,3,1288023540,453),(28,4,1288023540,515),(29,5,1288023540,436),(30,3,1288023541,442),(31,4,1288023541,511),(32,5,1288023541,413),(33,3,1288023542,432),(34,4,1288023542,511),(35,5,1288023542,442),(36,3,1288023543,428),(37,4,1288023543,514),(38,5,1288023543,404),(39,3,1288023544,429),(40,4,1288023544,514),(41,5,1288023544,448),(42,3,1288023545,436),(43,4,1288023545,507),(44,5,1288023545,410),(45,3,1288023546,446),(46,3,1288023594,441),(47,4,1288023594,529),(48,5,1288023594,453),(49,3,1288023595,452),(50,4,1288023595,526),(51,5,1288023595,425),(52,10,1288023595,297),(53,11,1288023595,558),(54,12,1288023595,149),(55,3,1288023596,462),(56,4,1288023596,520),(57,5,1288023596,444),(58,3,1288023597,466),(59,4,1288023597,526),(60,5,1288023597,440),(61,3,1288023598,465),(62,4,1288023598,525),(63,5,1288023598,425),(64,3,1288023599,460),(65,4,1288023599,531),(66,5,1288023599,447),(67,3,1288023600,453),(68,4,1288023600,530),(69,5,1288023600,425),(70,3,1288023601,444),(71,4,1288023601,524),(72,5,1288023601,456),(73,3,1288023602,437),(74,4,1288023602,521),(75,5,1288023602,417),(76,3,1288023603,432),(77,4,1288023603,526),(78,5,1288023603,452),(79,3,1288023604,432),(80,4,1288023604,530),(81,5,1288023604,416),(82,13,1288023605,473),(83,14,1288023605,551),(84,15,1288023605,150),(85,3,1288023605,436),(86,4,1288023605,525),(87,5,1288023605,456),(88,3,1288023606,447),(89,4,1288023606,523),(90,5,1288023606,423),(91,3,1288023607,458),(92,4,1288023607,526),(93,5,1288023607,441),(94,3,1288023608,464),(95,4,1288023608,530),(96,5,1288023608,435),(97,3,1288023609,466),(98,4,1288023609,522),(99,5,1288023609,433),(100,3,1288023610,464),(101,4,1288023610,523),(102,5,1288023610,443),(103,7,1288023611,271),(104,8,1288023611,560),(105,9,1288023611,150),(106,3,1288023611,461),(107,4,1288023611,528),(108,5,1288023611,424),(109,3,1288023612,455),(110,4,1288023612,528),(111,5,1288023612,449),(112,3,1288023613,448),(113,4,1288023613,524),(114,5,1288023613,426),(115,3,1288023614,440),(116,4,1288023614,522),(117,5,1288023614,454),(118,10,1288023615,314),(119,11,1288023615,563),(120,12,1288023615,149),(121,3,1288023615,434),(122,4,1288023615,527),(123,5,1288023615,415),(124,3,1288023616,431),(125,4,1288023616,528),(126,5,1288023617,454),(127,3,1288023617,436),(128,4,1288023617,532),(129,5,1288023617,418),(130,3,1288023618,446),(131,4,1288023618,528),(132,5,1288023618,454),(133,3,1288023619,459),(134,4,1288023619,523),(135,5,1288023619,431),(136,3,1288023620,465),(137,4,1288023620,524),(138,5,1288023620,438),(139,3,1288023621,466),(140,4,1288023621,525),(141,5,1288023621,442),(142,3,1288023622,464),(143,4,1288023622,529),(144,5,1288023623,427),(145,3,1288023623,458),(146,4,1288023623,532),(147,5,1288023623,449),(148,3,1288023624,451),(149,4,1288023624,527),(150,5,1288023624,427),(151,13,1288023625,497),(152,14,1288023625,559),(153,15,1288023625,151),(154,3,1288023625,442),(155,4,1288023625,524),(156,5,1288023625,457),(157,3,1288023627,435),(158,4,1288023627,524),(159,5,1288023627,419),(160,3,1288023627,432),(161,4,1288023627,529),(162,5,1288023628,455),(163,3,1288023629,435),(164,4,1288023629,534),(165,5,1288023629,419),(166,3,1288023630,443),(167,4,1288023630,529),(168,5,1288023630,457),(169,3,1288023631,457),(170,4,1288023631,523),(171,5,1288023631,430),(172,7,1288023631,291),(173,8,1288023631,556),(174,9,1288023631,150),(175,3,1288023632,466),(176,4,1288023632,525),(177,5,1288023632,437),(178,3,1288023633,465),(179,4,1288023633,528),(180,5,1288023633,443),(181,3,1288023634,460),(182,4,1288023634,532),(183,5,1288023634,427),(184,3,1288023635,451),(185,4,1288023635,533),(186,5,1288023635,453),(187,10,1288023635,301),(188,11,1288023635,561),(189,12,1288023635,148),(190,3,1288023636,443),(191,4,1288023636,530),(192,5,1288023636,425),(193,3,1288023637,434),(194,4,1288023637,525),(195,5,1288023637,461),(196,3,1288023638,431),(197,4,1288023638,526),(198,5,1288023638,419),(199,3,1288023639,441),(200,4,1288023639,530),(201,5,1288023639,458),(202,3,1288023640,460),(203,4,1288023640,532),(204,5,1288023640,423),(205,3,1288023641,418),(206,4,1288023641,533),(207,5,1288023641,443),(208,3,1288023642,465),(209,4,1288023642,527),(210,5,1288023642,449),(211,3,1288023643,463),(212,4,1288023643,528),(213,5,1288023643,430),(214,3,1288023644,457),(215,4,1288023644,531),(216,5,1288023644,448),(217,3,1288023645,448),(218,4,1288023645,533),(219,5,1288023645,421),(220,13,1288023645,491),(221,14,1288023645,557),(222,15,1288023645,151),(223,3,1288023646,438),(224,4,1288023646,536),(225,5,1288023646,456),(226,3,1288023647,433),(227,4,1288023647,532),(228,5,1288023647,421),(229,3,1288023648,433),(230,4,1288023648,525),(231,5,1288023648,458),(232,3,1288023649,440),(233,4,1288023649,529),(234,5,1288023649,420),(235,3,1288023650,452),(236,4,1288023650,533),(237,5,1288023650,447),(238,3,1288023651,463),(239,4,1288023651,537),(240,5,1288023651,435),(241,7,1288023651,292),(242,8,1288023651,560),(243,9,1288023651,150),(244,3,1288023652,465),(245,4,1288023652,532),(246,5,1288023652,435),(247,3,1288023653,464),(248,4,1288023653,527),(249,5,1288023653,452),(250,3,1288023654,468),(251,4,1288023654,529),(252,5,1288023654,418),(253,10,1288023655,294),(254,11,1288023655,564),(255,12,1288023655,149),(256,13,1288023665,468),(257,14,1288023665,555),(258,15,1288023665,151),(259,7,1288023671,265),(260,8,1288023671,562),(261,9,1288023671,150),(262,10,1288023675,310),(263,11,1288023675,563),(264,12,1288023675,149),(265,13,1288023685,497),(266,14,1288023685,552),(267,15,1288023685,150),(268,7,1288023691,292),(269,8,1288023691,557),(270,9,1288023691,150),(271,10,1288023695,293),(272,11,1288023695,565),(273,12,1288023695,149),(274,13,1288023705,433),(275,14,1288023705,554),(276,15,1288023705,150),(277,7,1288023711,267),(278,8,1288023711,564),(279,9,1288023711,150),(280,13,1288023725,427),(281,14,1288023725,554),(282,15,1288023725,151),(283,7,1288023731,266),(284,8,1288023731,562),(285,9,1288023731,150),(286,13,1288023745,235),(287,14,1288023745,556),(288,15,1288023745,151),(289,3,1288023897,495),(290,4,1288023897,549),(291,5,1288023897,431),(292,3,1288023917,486),(293,4,1288023917,577),(294,5,1288023917,441),(295,3,1288023937,592),(296,4,1288023937,567),(297,3,1288174735,535),(298,4,1288174735,560),(299,5,1288174735,454),(300,3,1288174755,555),(301,4,1288174755,561),(302,5,1288174755,448),(303,3,1288174775,539),(304,4,1288174775,562),(305,5,1288174775,421),(306,3,1288174795,562),(307,4,1288174795,555),(308,5,1288174795,429),(309,3,1288174815,546),(310,4,1288174815,556),(311,5,1288174815,443),(312,3,1288174835,556),(313,4,1288174835,561),(314,5,1288174835,417),(315,3,1288174855,546),(316,4,1288174855,550),(317,5,1288174855,413),(318,3,1288174875,559),(319,4,1288174875,554),(320,5,1288174875,418),(321,3,1288174895,559),(322,4,1288174895,560),(323,5,1288174895,415),(324,3,1288174915,535),(325,4,1288174915,561),(326,5,1288174915,436),(327,3,1288174935,554),(328,4,1288174935,555),(329,5,1288174935,434),(330,5,1288174935,434),(331,3,1288174955,532),(332,4,1288174955,557),(333,5,1288174955,415),(334,3,1288174975,557),(335,4,1288174975,565),(336,5,1288174975,419),(337,3,1288174995,554),(338,4,1288174995,566),(339,5,1288174995,435),(340,3,1288175015,541),(341,4,1288175015,563),(342,5,1288175015,410),(343,3,1288175035,558),(344,4,1288175035,563),(345,5,1288175035,412),(346,3,1288175055,542),(347,4,1288175055,563),(348,5,1288175055,434),(349,3,1288175075,548),(350,4,1288175075,564),(351,5,1288175075,432),(352,3,1288175095,572),(353,4,1288175095,571),(354,5,1288175095,423),(355,3,1288175115,560),(356,4,1288175115,568),(357,5,1288175115,414),(358,3,1288175135,569),(359,4,1288175135,562),(360,5,1288175135,422),(361,3,1288175155,569),(362,4,1288175155,563),(363,5,1288175155,434),(364,3,1288175175,547),(365,4,1288175175,560),(366,5,1288175175,434),(367,3,1288175195,545),(368,4,1288175195,558),(369,5,1288175195,432),(370,3,1288175215,574),(371,4,1288175215,559),(372,5,1288175215,413),(373,3,1288175235,562),(374,4,1288175235,561),(375,5,1288175235,407),(376,3,1288175255,544),(377,4,1288175255,560),(378,5,1288175255,408),(379,3,1288175275,549),(380,4,1288175275,568),(381,5,1288175275,408),(382,3,1288175295,556),(383,4,1288175295,562),(384,5,1288175295,425),(385,3,1288175315,553),(386,4,1288175315,560),(387,5,1288175315,426),(388,3,1288175335,566),(389,4,1288175335,570),(390,5,1288175335,412),(391,3,1288175455,506),(392,4,1288175455,565),(393,5,1288175455,410),(394,3,1288175475,511),(395,4,1288175476,568),(396,5,1288175476,419),(397,3,1288175495,500),(398,4,1288175495,559),(399,5,1288175495,424),(400,3,1288175515,504),(401,4,1288175515,560),(402,5,1288175515,402),(403,3,1288175535,495),(404,4,1288175535,564),(405,5,1288175535,422),(406,3,1288175555,512),(407,4,1288175555,570),(408,5,1288175555,421),(409,3,1288175575,500),(410,4,1288175575,568),(411,5,1288175575,406),(412,3,1288175595,515),(413,4,1288175595,567),(414,5,1288175595,412),(415,3,1288175615,500),(416,4,1288175615,562),(417,5,1288175616,428),(418,3,1288175635,515),(419,4,1288175636,567),(420,5,1288175636,419),(421,3,1288175656,494),(422,4,1288175656,572),(423,5,1288175656,403),(424,3,1288175676,514),(425,4,1288175676,567),(426,5,1288175676,410),(427,3,1288175696,494),(428,4,1288175696,574),(429,5,1288175696,430),(430,3,1288175716,508),(431,4,1288175716,574),(432,5,1288175716,429),(433,3,1288175736,494),(434,4,1288175736,570),(435,5,1288175736,411),(436,3,1288175756,511),(437,4,1288175756,569),(438,5,1288175756,424),(439,3,1288175776,546),(440,4,1288175776,572),(441,5,1288175776,404),(442,3,1288175796,498),(443,4,1288175796,576),(444,5,1288175796,431),(445,3,1288175816,495),(446,4,1288175816,573),(447,5,1288175816,414),(448,3,1288175836,500),(449,4,1288175836,574),(450,5,1288175836,433),(451,3,1288175856,516),(452,4,1288175856,578),(453,5,1288175856,423),(454,3,1288175876,514),(455,4,1288175876,572),(456,5,1288175876,419),(457,3,1288175896,503),(458,4,1288175896,572),(459,5,1288175896,429),(460,3,1288175916,507),(461,4,1288175916,577),(462,5,1288175916,410),(463,3,1288175936,499),(464,4,1288175936,576),(465,5,1288175936,432),(466,3,1288175956,500),(467,4,1288175956,568),(468,5,1288175956,411),(469,3,1288175976,508),(470,4,1288175976,569),(471,5,1288175976,432),(472,3,1288175996,502),(473,4,1288175996,571),(474,5,1288175996,408),(475,3,1288176016,499),(476,4,1288176016,567),(477,5,1288176016,433),(478,3,1288176036,505),(479,4,1288176036,573),(480,5,1288176036,412),(481,3,1288176056,506),(482,4,1288176056,573),(483,5,1288176056,432),(484,3,1288176076,504),(485,4,1288176076,568),(486,5,1288176076,427),(487,3,1288176096,493),(488,4,1288176096,573),(489,5,1288176096,410),(490,3,1288176116,595),(491,4,1288176116,570),(492,5,1288176116,445),(493,3,1288176136,621),(494,4,1288176136,576),(495,5,1288176136,407),(496,3,1288176156,621),(497,4,1288176156,573),(498,5,1288176156,437),(499,3,1288176176,628),(500,4,1288176176,569),(501,5,1288176176,412),(502,3,1288176196,598),(503,4,1288176196,576),(504,5,1288176196,393),(505,3,1288176216,614),(506,4,1288176216,575),(507,5,1288176216,396),(508,3,1288176236,597),(509,4,1288176236,571),(510,5,1288176236,410),(511,3,1288176256,591),(512,4,1288176256,577),(513,5,1288176256,430),(514,3,1288176276,600),(515,4,1288176276,571),(516,5,1288176276,427),(517,3,1288176296,579),(518,4,1288176296,564),(519,5,1288176296,413),(520,3,1288176316,598),(521,4,1288176316,570),(522,5,1288176316,408),(523,3,1288176336,556),(524,4,1288176336,564),(525,5,1288176336,412),(526,3,1288176356,576),(527,4,1288176356,566),(528,5,1288176356,409),(529,3,1288176376,584),(530,4,1288176376,563),(531,5,1288176376,412),(532,3,1288176396,577),(533,4,1288176396,564),(534,5,1288176396,404),(535,3,1288176416,574),(536,4,1288176416,554),(537,5,1288176416,408),(538,3,1288176436,572),(539,4,1288176436,554),(540,5,1288176436,407),(541,3,1288176456,570),(542,4,1288176456,553),(543,5,1288176456,405),(544,3,1288176476,568),(545,4,1288176476,557),(546,5,1288176476,417),(547,3,1288176496,576),(548,4,1288176496,558),(549,5,1288176496,402),(550,3,1288176516,583),(551,4,1288176516,555),(552,5,1288176516,406),(553,3,1288176536,576),(554,4,1288176536,551),(555,5,1288176536,413),(556,3,1288176556,573),(557,4,1288176556,546),(558,5,1288176556,399),(559,3,1288176576,580),(560,3,1288189012,41),(561,4,1288189012,505),(562,5,1288189012,527),(563,3,1288189637,491),(564,4,1288189637,519),(565,5,1288189637,378),(566,3,1288189642,477),(567,4,1288189642,519),(568,5,1288189642,392),(569,3,1288189647,466),(570,4,1288189647,520),(571,5,1288189647,362),(572,3,1288189652,458),(573,4,1288189652,515),(574,5,1288189652,401),(575,3,1288189657,461),(576,4,1288189657,513),(577,5,1288189657,360),(578,3,1288189662,445),(579,4,1288189662,517),(580,5,1288189662,393),(581,3,1288189667,486),(582,4,1288189667,520),(583,5,1288189667,382),(584,3,1288189672,487),(585,4,1288189672,518),(586,5,1288189672,366),(587,3,1288189677,489),(588,4,1288189677,515),(589,5,1288189677,515),(590,5,1288189677,390),(591,3,1288189682,487),(592,4,1288189682,513),(593,5,1288189682,368),(594,3,1288190022,490),(595,4,1288190022,528),(596,5,1288190023,397),(597,3,1288190037,462),(598,4,1288190038,530),(599,5,1288190038,406),(600,3,1288190043,480),(601,4,1288190043,536),(602,5,1288190043,366),(603,3,1288190048,483),(604,4,1288190048,527),(605,5,1288190048,403),(606,3,1288190053,494),(607,4,1288190053,531),(608,5,1288190053,384),(609,3,1288190058,492),(610,4,1288190058,536),(611,5,1288190058,374),(612,3,1288190063,488),(613,4,1288190063,534),(614,5,1288190063,400),(615,3,1288190068,481),(616,4,1288190068,530),(617,5,1288190068,369),(618,3,1288190073,478),(619,3,1288190368,432),(620,4,1288190368,536),(621,5,1288190368,406),(622,3,1288190373,427),(623,4,1288190373,538),(624,5,1288190373,368),(625,3,1288190378,441),(626,4,1288190378,537),(627,5,1288190378,406),(628,3,1288190383,447),(629,4,1288190383,531),(630,5,1288190383,377),(631,3,1288190388,461),(632,4,1288190388,528),(633,5,1288190388,395),(634,3,1288190584,442),(635,4,1288190584,536),(636,5,1288190584,405),(637,3,1288190589,443),(638,4,1288190589,536),(639,5,1288190589,375),(640,3,1288190599,416),(641,4,1288190599,533),(642,5,1288190599,371),(643,3,1288190604,448),(644,4,1288190604,535),(645,5,1288190604,407),(646,3,1288191686,422),(647,4,1288191686,532),(648,5,1288191686,375),(649,3,1288191691,428),(650,4,1288191691,539),(651,5,1288191691,407),(652,3,1288191696,436),(653,4,1288191696,532),(654,5,1288191696,378),(655,3,1288191701,443),(656,4,1288191701,541),(657,5,1288191701,403),(658,3,1288191711,427),(659,4,1288191711,533),(660,5,1288191711,378),(661,3,1288191716,492),(662,4,1288191716,541),(663,5,1288191716,410),(664,3,1288191721,517),(665,4,1288191721,535),(666,5,1288191721,373),(667,3,1288191726,529),(668,4,1288191726,534),(669,5,1288191726,402),(670,3,1288191731,532),(671,4,1288191731,540),(672,5,1288191731,382),(673,3,1288191736,533),(674,4,1288191736,535),(675,5,1288191736,393),(676,3,1288191741,541),(677,4,1288191741,533),(678,5,1288191741,396),(679,3,1288191746,540),(680,4,1288191746,540),(681,5,1288191746,390),(682,3,1288191751,460),(683,4,1288191751,541),(684,5,1288191751,404),(685,3,1288191756,494),(686,4,1288191756,536),(687,5,1288191756,370),(688,3,1288191761,455),(689,4,1288191761,534),(690,5,1288191761,412),(691,3,1288191766,467),(692,4,1288191766,543),(693,5,1288191766,376),(694,3,1288191776,479),(695,4,1288191776,537),(696,5,1288191776,379),(697,3,1288191781,481),(698,4,1288191781,536),(699,5,1288191781,392),(700,3,1288191786,472),(701,4,1288191786,543),(702,5,1288191786,406),(703,3,1288191791,462),(704,4,1288191791,533),(705,5,1288191791,372),(706,3,1288191796,494),(707,4,1288191796,543),(708,5,1288191796,410),(709,3,1288191801,466),(710,4,1288191801,533),(711,5,1288191801,378),(712,3,1288191806,469),(713,4,1288191806,537),(714,5,1288191806,402);
/*!40000 ALTER TABLE `records` ENABLE KEYS */;
UNLOCK TABLES;

--
-- Table structure for table `rules`
--

DROP TABLE IF EXISTS `rules`;
SET @saved_cs_client     = @@character_set_client;
SET character_set_client = utf8;
CREATE TABLE `rules` (
  `id_rule` int(11) NOT NULL auto_increment,
  `name` varchar(50) default NULL,
  `description` varchar(255) default NULL,
  `is_critical` tinyint(1) default NULL COMMENT 'for alert trigger',
  `is_active` tinyint(1) default NULL,
  `is_deleted` tinyint(1) default NULL,
  PRIMARY KEY  (`id_rule`)
) ENGINE=InnoDB AUTO_INCREMENT=2 DEFAULT CHARSET=utf8 COMMENT='User defined rules connecting  actions and alerts.';
SET character_set_client = @saved_cs_client;

--
-- Dumping data for table `rules`
--

LOCK TABLES `rules` WRITE;
/*!40000 ALTER TABLE `rules` DISABLE KEYS */;
INSERT INTO `rules` VALUES (1,'Regla test','Es una SuperRegla',0,1,0);
/*!40000 ALTER TABLE `rules` ENABLE KEYS */;
UNLOCK TABLES;

--
-- Table structure for table `test`
--

DROP TABLE IF EXISTS `test`;
SET @saved_cs_client     = @@character_set_client;
SET character_set_client = utf8;
CREATE TABLE `test` (
  `id` int(11) NOT NULL auto_increment,
  `date` datetime NOT NULL,
  `value` float NOT NULL default '0',
  PRIMARY KEY  (`id`)
) ENGINE=MyISAM AUTO_INCREMENT=3 DEFAULT CHARSET=utf8;
SET character_set_client = @saved_cs_client;

--
-- Dumping data for table `test`
--

LOCK TABLES `test` WRITE;
/*!40000 ALTER TABLE `test` DISABLE KEYS */;
INSERT INTO `test` VALUES (1,'0000-00-00 00:00:00',33),(2,'0000-00-00 00:00:00',333);
/*!40000 ALTER TABLE `test` ENABLE KEYS */;
UNLOCK TABLES;

--
-- Table structure for table `volatile`
--

DROP TABLE IF EXISTS `volatile`;
SET @saved_cs_client     = @@character_set_client;
SET character_set_client = utf8;
CREATE TABLE `volatile` (
  `id_volatile` int(11) NOT NULL auto_increment,
  `id_device` int(11) default NULL,
  `date` int(11) default NULL,
  `value` int(11) default NULL,
  PRIMARY KEY  (`id_volatile`),
  KEY `fk_volatile_devices1` (`id_device`),
  CONSTRAINT `fk_volatile_devices1` FOREIGN KEY (`id_device`) REFERENCES `devices` (`id_device`) ON DELETE NO ACTION ON UPDATE NO ACTION
) ENGINE=InnoDB AUTO_INCREMENT=821 DEFAULT CHARSET=utf8 COMMENT='Records from devices. Used to graph charts in real time.';
SET character_set_client = @saved_cs_client;

--
-- Dumping data for table `volatile`
--

LOCK TABLES `volatile` WRITE;
/*!40000 ALTER TABLE `volatile` DISABLE KEYS */;
INSERT INTO `volatile` VALUES (1,3,1288020769,408),(2,3,1288020770,412),(3,3,1288020771,416),(4,3,1288020772,421),(5,3,1288020773,426),(6,3,1288020774,430),(7,3,1288020775,433),(8,3,1288020776,434),(9,3,1288020777,434),(10,3,1288020778,432),(11,3,1288020779,426),(12,3,1288020780,418),(13,3,1288020781,412),(14,3,1288020782,409),(15,3,1288020783,407),(16,3,1288020784,406),(17,3,1288020785,406),(18,3,1288020786,407),(19,3,1288020787,410),(20,3,1288020788,413),(21,3,1288020789,416),(22,3,1288020790,418),(23,3,1288020791,421),(24,3,1288020792,423),(25,3,1288020793,427),(26,3,1288020794,430),(27,3,1288020795,433),(28,3,1288020796,434),(29,3,1288020797,434),(30,3,1288020798,432),(31,3,1288020799,427),(32,3,1288020800,420),(33,3,1288020801,414),(34,3,1288020802,409),(35,3,1288020803,407),(36,3,1288020804,406),(37,3,1288020805,407),(38,3,1288020806,411),(39,3,1288020807,414),(40,3,1288020808,419),(41,3,1288020809,422),(42,3,1288020810,426),(43,3,1288020811,428),(44,3,1288020812,432),(45,3,1288020813,434),(46,3,1288020814,435),(47,3,1288020815,435),(48,3,1288020816,434),(49,3,1288020817,432),(50,3,1288020818,431),(51,3,1288020819,429),(52,3,1288020820,426),(53,3,1288020821,423),(54,3,1288020822,420),(55,3,1288020823,418),(56,3,1288020824,415),(57,3,1288020825,414),(58,3,1288020826,412),(59,3,1288020827,410),(60,3,1288020828,408),(61,3,1288020829,408),(62,3,1288020998,418),(63,4,1288020998,563),(64,5,1288020998,454),(65,3,1288020999,419),(66,4,1288020999,569),(67,5,1288020999,478),(68,3,1288021000,420),(69,4,1288021000,572),(70,5,1288021000,455),(71,3,1288021001,420),(72,4,1288021001,572),(73,5,1288021001,475),(74,3,1288021002,422),(75,4,1288021002,569),(76,5,1288021002,450),(77,3,1288021003,422),(78,4,1288021003,567),(79,5,1288021003,472),(80,3,1288021004,423),(81,4,1288021004,565),(82,5,1288021004,452),(83,3,1288021005,423),(84,3,1288021141,409),(85,4,1288021141,574),(86,5,1288021141,478),(87,3,1288021142,408),(88,3,1288021191,401),(89,4,1288021191,5341),(90,3,1288021199,428),(91,4,1288021199,573),(92,5,1288021199,464),(93,3,1288021200,428),(94,4,1288021200,565),(95,5,1288021200,467),(96,3,1288021312,397),(97,4,1288021313,571),(98,3,1288021324,424),(99,4,1288021324,567),(100,5,1288021324,471),(101,3,1288021325,422),(102,3,1288021374,411),(103,4,1288021375,567),(104,7,1288022240,263),(105,8,1288022240,566),(106,9,1288022240,151),(107,7,1288022260,242),(108,7,1288022360,245),(109,8,1288022360,561),(110,9,1288022360,150),(111,10,1288022781,207),(112,10,1288022821,208),(113,11,1288022821,571),(114,12,1288022821,149),(115,13,1288023322,496),(116,14,1288023322,552),(117,15,1288023322,152),(118,13,1288023342,495),(119,14,1288023342,551),(120,15,1288023342,152),(121,13,1288023362,496),(122,14,1288023362,545),(123,15,1288023362,151),(124,13,1288023382,497),(125,14,1288023382,555),(126,15,1288023382,151),(127,3,1288023538,462),(128,4,1288023538,516),(129,5,1288023538,434),(130,3,1288023539,458),(131,4,1288023539,509),(132,5,1288023539,416),(133,3,1288023540,453),(134,4,1288023540,515),(135,5,1288023540,436),(136,3,1288023541,442),(137,4,1288023541,511),(138,5,1288023541,413),(139,3,1288023542,432),(140,4,1288023542,511),(141,5,1288023542,442),(142,3,1288023543,428),(143,4,1288023543,514),(144,5,1288023543,404),(145,3,1288023544,429),(146,4,1288023544,514),(147,5,1288023544,448),(148,3,1288023545,436),(149,4,1288023545,507),(150,5,1288023545,410),(151,3,1288023546,446),(152,3,1288023594,441),(153,4,1288023594,529),(154,5,1288023594,453),(155,3,1288023595,452),(156,4,1288023595,526),(157,5,1288023595,425),(158,10,1288023595,297),(159,11,1288023595,558),(160,12,1288023595,149),(161,3,1288023596,462),(162,4,1288023596,520),(163,5,1288023596,444),(164,3,1288023597,466),(165,4,1288023597,526),(166,5,1288023597,440),(167,3,1288023598,465),(168,4,1288023598,525),(169,5,1288023598,425),(170,3,1288023599,460),(171,4,1288023599,531),(172,5,1288023599,447),(173,3,1288023600,453),(174,4,1288023600,530),(175,5,1288023600,425),(176,3,1288023601,444),(177,4,1288023601,524),(178,5,1288023601,456),(179,3,1288023602,437),(180,4,1288023602,521),(181,5,1288023602,417),(182,3,1288023603,432),(183,4,1288023603,526),(184,5,1288023603,452),(185,3,1288023604,432),(186,4,1288023604,530),(187,5,1288023604,416),(188,13,1288023605,473),(189,14,1288023605,551),(190,15,1288023605,150),(191,3,1288023605,436),(192,4,1288023605,525),(193,5,1288023605,456),(194,3,1288023606,447),(195,4,1288023606,523),(196,5,1288023606,423),(197,3,1288023607,458),(198,4,1288023607,526),(199,5,1288023607,441),(200,3,1288023608,464),(201,4,1288023608,530),(202,5,1288023608,435),(203,3,1288023609,466),(204,4,1288023609,522),(205,5,1288023609,433),(206,3,1288023610,464),(207,4,1288023610,523),(208,5,1288023610,443),(209,7,1288023611,271),(210,8,1288023611,560),(211,9,1288023611,150),(212,3,1288023611,461),(213,4,1288023611,528),(214,5,1288023611,424),(215,3,1288023612,455),(216,4,1288023612,528),(217,5,1288023612,449),(218,3,1288023613,448),(219,4,1288023613,524),(220,5,1288023613,426),(221,3,1288023614,440),(222,4,1288023614,522),(223,5,1288023614,454),(224,10,1288023615,314),(225,11,1288023615,563),(226,12,1288023615,149),(227,3,1288023615,434),(228,4,1288023615,527),(229,5,1288023615,415),(230,3,1288023616,431),(231,4,1288023616,528),(232,5,1288023617,454),(233,3,1288023617,436),(234,4,1288023617,532),(235,5,1288023617,418),(236,3,1288023618,446),(237,4,1288023618,528),(238,5,1288023618,454),(239,3,1288023619,459),(240,4,1288023619,523),(241,5,1288023619,431),(242,3,1288023620,465),(243,4,1288023620,524),(244,5,1288023620,438),(245,3,1288023621,466),(246,4,1288023621,525),(247,5,1288023621,442),(248,3,1288023622,464),(249,4,1288023622,529),(250,5,1288023622,427),(251,3,1288023623,458),(252,4,1288023623,532),(253,5,1288023623,449),(254,3,1288023624,451),(255,4,1288023624,527),(256,5,1288023624,427),(257,13,1288023625,497),(258,14,1288023625,559),(259,15,1288023625,151),(260,3,1288023625,442),(261,4,1288023625,524),(262,5,1288023625,457),(263,3,1288023627,435),(264,4,1288023627,524),(265,5,1288023627,419),(266,3,1288023627,432),(267,4,1288023627,529),(268,5,1288023628,455),(269,3,1288023628,435),(270,4,1288023629,534),(271,5,1288023629,419),(272,3,1288023630,443),(273,4,1288023630,529),(274,5,1288023630,457),(275,3,1288023631,457),(276,4,1288023631,523),(277,5,1288023631,430),(278,7,1288023631,291),(279,8,1288023631,556),(280,9,1288023631,150),(281,3,1288023632,466),(282,4,1288023632,525),(283,5,1288023632,437),(284,3,1288023633,465),(285,4,1288023633,528),(286,5,1288023633,443),(287,3,1288023634,460),(288,4,1288023634,532),(289,5,1288023634,427),(290,3,1288023635,451),(291,4,1288023635,533),(292,5,1288023635,453),(293,10,1288023635,301),(294,11,1288023635,561),(295,12,1288023635,148),(296,3,1288023636,443),(297,4,1288023636,530),(298,5,1288023636,425),(299,3,1288023637,434),(300,4,1288023637,525),(301,5,1288023637,461),(302,3,1288023638,431),(303,4,1288023638,526),(304,5,1288023638,419),(305,3,1288023639,441),(306,4,1288023639,530),(307,5,1288023639,458),(308,3,1288023640,460),(309,4,1288023640,532),(310,5,1288023640,423),(311,3,1288023641,418),(312,4,1288023641,533),(313,5,1288023641,443),(314,3,1288023642,465),(315,4,1288023642,527),(316,5,1288023642,449),(317,3,1288023643,463),(318,4,1288023643,528),(319,5,1288023643,430),(320,3,1288023644,457),(321,4,1288023644,531),(322,5,1288023644,448),(323,3,1288023645,448),(324,4,1288023645,533),(325,5,1288023645,421),(326,13,1288023645,491),(327,14,1288023645,557),(328,15,1288023645,151),(329,3,1288023646,438),(330,4,1288023646,536),(331,5,1288023646,456),(332,3,1288023647,433),(333,4,1288023647,532),(334,5,1288023647,421),(335,3,1288023648,433),(336,4,1288023648,525),(337,5,1288023648,458),(338,3,1288023649,440),(339,4,1288023649,529),(340,5,1288023649,420),(341,3,1288023650,452),(342,4,1288023650,533),(343,5,1288023650,447),(344,3,1288023651,463),(345,4,1288023651,537),(346,5,1288023651,435),(347,7,1288023651,292),(348,8,1288023651,560),(349,9,1288023651,150),(350,3,1288023652,465),(351,4,1288023652,532),(352,5,1288023652,435),(353,3,1288023653,464),(354,4,1288023653,527),(355,5,1288023653,452),(356,3,1288023654,468),(357,4,1288023654,529),(358,5,1288023654,418),(359,10,1288023655,294),(360,11,1288023655,564),(361,12,1288023655,149),(362,13,1288023665,468),(363,14,1288023665,555),(364,15,1288023665,151),(365,7,1288023671,265),(366,8,1288023671,562),(367,9,1288023671,150),(368,10,1288023675,310),(369,11,1288023675,563),(370,12,1288023675,149),(371,13,1288023685,497),(372,14,1288023685,552),(373,15,1288023685,150),(374,7,1288023691,292),(375,8,1288023691,557),(376,9,1288023691,150),(377,10,1288023695,293),(378,11,1288023695,565),(379,12,1288023695,149),(380,13,1288023705,433),(381,14,1288023705,554),(382,15,1288023705,150),(383,7,1288023711,267),(384,8,1288023711,564),(385,9,1288023711,150),(386,13,1288023725,427),(387,14,1288023725,554),(388,15,1288023725,151),(389,7,1288023731,266),(390,8,1288023731,562),(391,9,1288023731,150),(392,13,1288023745,235),(393,14,1288023745,556),(394,15,1288023745,151),(395,3,1288023897,495),(396,4,1288023897,549),(397,5,1288023897,431),(398,3,1288023917,486),(399,4,1288023917,577),(400,5,1288023917,441),(401,3,1288023937,592),(402,4,1288023937,567),(403,3,1288174735,535),(404,4,1288174735,560),(405,5,1288174735,454),(406,3,1288174755,555),(407,4,1288174755,561),(408,5,1288174755,448),(409,3,1288174775,539),(410,4,1288174775,562),(411,5,1288174775,421),(412,3,1288174795,562),(413,4,1288174795,555),(414,5,1288174795,429),(415,3,1288174815,546),(416,4,1288174815,556),(417,5,1288174815,443),(418,3,1288174835,556),(419,4,1288174835,561),(420,5,1288174835,417),(421,3,1288174855,546),(422,4,1288174855,550),(423,5,1288174855,413),(424,3,1288174875,559),(425,4,1288174875,554),(426,5,1288174875,418),(427,3,1288174895,559),(428,4,1288174895,560),(429,5,1288174895,415),(430,3,1288174915,535),(431,4,1288174915,561),(432,5,1288174915,436),(433,3,1288174935,554),(434,4,1288174935,555),(435,5,1288174935,434),(436,5,1288174935,434),(437,3,1288174955,532),(438,4,1288174955,557),(439,5,1288174955,415),(440,3,1288174975,557),(441,4,1288174975,565),(442,5,1288174975,419),(443,3,1288174995,554),(444,4,1288174995,566),(445,5,1288174995,435),(446,3,1288175015,541),(447,4,1288175015,563),(448,5,1288175015,410),(449,3,1288175035,558),(450,4,1288175035,563),(451,5,1288175035,412),(452,3,1288175055,542),(453,4,1288175055,563),(454,5,1288175055,434),(455,3,1288175075,548),(456,4,1288175075,564),(457,5,1288175075,432),(458,3,1288175095,572),(459,4,1288175095,571),(460,5,1288175095,423),(461,3,1288175115,560),(462,4,1288175115,568),(463,5,1288175115,414),(464,3,1288175135,569),(465,4,1288175135,562),(466,5,1288175135,422),(467,3,1288175155,569),(468,4,1288175155,563),(469,5,1288175155,434),(470,3,1288175175,547),(471,4,1288175175,560),(472,5,1288175175,434),(473,3,1288175195,545),(474,4,1288175195,558),(475,5,1288175195,432),(476,3,1288175215,574),(477,4,1288175215,559),(478,5,1288175215,413),(479,3,1288175235,562),(480,4,1288175235,561),(481,5,1288175235,407),(482,3,1288175255,544),(483,4,1288175255,560),(484,5,1288175255,408),(485,3,1288175275,549),(486,4,1288175275,568),(487,5,1288175275,408),(488,3,1288175295,556),(489,4,1288175295,562),(490,5,1288175295,425),(491,3,1288175315,553),(492,4,1288175315,560),(493,5,1288175315,426),(494,3,1288175335,566),(495,4,1288175335,570),(496,5,1288175335,412),(497,3,1288175455,506),(498,4,1288175455,565),(499,5,1288175455,410),(500,3,1288175475,511),(501,4,1288175475,568),(502,5,1288175476,419),(503,3,1288175495,500),(504,4,1288175495,559),(505,5,1288175495,424),(506,3,1288175515,504),(507,4,1288175515,560),(508,5,1288175515,402),(509,3,1288175535,495),(510,4,1288175535,564),(511,5,1288175535,422),(512,3,1288175555,512),(513,4,1288175555,570),(514,5,1288175555,421),(515,3,1288175575,500),(516,4,1288175575,568),(517,5,1288175575,406),(518,3,1288175595,515),(519,4,1288175595,567),(520,5,1288175595,412),(521,3,1288175615,500),(522,4,1288175615,562),(523,5,1288175616,428),(524,3,1288175635,515),(525,4,1288175635,567),(526,5,1288175636,419),(527,3,1288175656,494),(528,4,1288175656,572),(529,5,1288175656,403),(530,3,1288175676,514),(531,4,1288175676,567),(532,5,1288175676,410),(533,3,1288175696,494),(534,4,1288175696,574),(535,5,1288175696,430),(536,3,1288175716,508),(537,4,1288175716,574),(538,5,1288175716,429),(539,3,1288175736,494),(540,4,1288175736,570),(541,5,1288175736,411),(542,3,1288175756,511),(543,4,1288175756,569),(544,5,1288175756,424),(545,3,1288175776,546),(546,4,1288175776,572),(547,5,1288175776,404),(548,3,1288175796,498),(549,4,1288175796,576),(550,5,1288175796,431),(551,3,1288175816,495),(552,4,1288175816,573),(553,5,1288175816,414),(554,3,1288175836,500),(555,4,1288175836,574),(556,5,1288175836,433),(557,3,1288175856,516),(558,4,1288175856,578),(559,5,1288175856,423),(560,3,1288175876,514),(561,4,1288175876,572),(562,5,1288175876,419),(563,3,1288175896,503),(564,4,1288175896,572),(565,5,1288175896,429),(566,3,1288175916,507),(567,4,1288175916,577),(568,5,1288175916,410),(569,3,1288175936,499),(570,4,1288175936,576),(571,5,1288175936,432),(572,3,1288175956,500),(573,4,1288175956,568),(574,5,1288175956,411),(575,3,1288175976,508),(576,4,1288175976,569),(577,5,1288175976,432),(578,3,1288175996,502),(579,4,1288175996,571),(580,5,1288175996,408),(581,3,1288176016,499),(582,4,1288176016,567),(583,5,1288176016,433),(584,3,1288176036,505),(585,4,1288176036,573),(586,5,1288176036,412),(587,3,1288176056,506),(588,4,1288176056,573),(589,5,1288176056,432),(590,3,1288176076,504),(591,4,1288176076,568),(592,5,1288176076,427),(593,3,1288176096,493),(594,4,1288176096,573),(595,5,1288176096,410),(596,3,1288176116,595),(597,4,1288176116,570),(598,5,1288176116,445),(599,3,1288176136,621),(600,4,1288176136,576),(601,5,1288176136,407),(602,3,1288176156,621),(603,4,1288176156,573),(604,5,1288176156,437),(605,3,1288176176,628),(606,4,1288176176,569),(607,5,1288176176,412),(608,3,1288176196,598),(609,4,1288176196,576),(610,5,1288176196,393),(611,3,1288176216,614),(612,4,1288176216,575),(613,5,1288176216,396),(614,3,1288176236,597),(615,4,1288176236,571),(616,5,1288176236,410),(617,3,1288176256,591),(618,4,1288176256,577),(619,5,1288176256,430),(620,3,1288176276,600),(621,4,1288176276,571),(622,5,1288176276,427),(623,3,1288176296,579),(624,4,1288176296,564),(625,5,1288176296,413),(626,3,1288176316,598),(627,4,1288176316,570),(628,5,1288176316,408),(629,3,1288176336,556),(630,4,1288176336,564),(631,5,1288176336,412),(632,3,1288176356,576),(633,4,1288176356,566),(634,5,1288176356,409),(635,3,1288176376,584),(636,4,1288176376,563),(637,5,1288176376,412),(638,3,1288176396,577),(639,4,1288176396,564),(640,5,1288176396,404),(641,3,1288176416,574),(642,4,1288176416,554),(643,5,1288176416,408),(644,3,1288176436,572),(645,4,1288176436,554),(646,5,1288176436,407),(647,3,1288176456,570),(648,4,1288176456,553),(649,5,1288176456,405),(650,3,1288176476,568),(651,4,1288176476,557),(652,5,1288176476,417),(653,3,1288176496,576),(654,4,1288176496,558),(655,5,1288176496,402),(656,3,1288176516,583),(657,4,1288176516,555),(658,5,1288176516,406),(659,3,1288176536,576),(660,4,1288176536,551),(661,5,1288176536,413),(662,3,1288176556,573),(663,4,1288176556,546),(664,5,1288176556,399),(665,3,1288176576,580),(666,3,1288189012,41),(667,4,1288189012,505),(668,5,1288189012,527),(669,3,1288189637,491),(670,4,1288189637,519),(671,5,1288189637,378),(672,3,1288189642,477),(673,4,1288189642,519),(674,5,1288189642,392),(675,3,1288189647,466),(676,4,1288189647,520),(677,5,1288189647,362),(678,3,1288189652,458),(679,4,1288189652,515),(680,5,1288189652,401),(681,3,1288189657,461),(682,4,1288189657,513),(683,5,1288189657,360),(684,3,1288189662,445),(685,4,1288189662,517),(686,5,1288189662,393),(687,3,1288189667,486),(688,4,1288189667,520),(689,5,1288189667,382),(690,3,1288189672,487),(691,4,1288189672,518),(692,5,1288189672,366),(693,3,1288189677,489),(694,4,1288189677,515),(695,5,1288189677,515),(696,5,1288189677,390),(697,3,1288189682,487),(698,4,1288189682,513),(699,5,1288189682,368),(700,3,1288190022,490),(701,4,1288190022,528),(702,5,1288190023,397),(703,3,1288190037,462),(704,4,1288190038,530),(705,5,1288190038,406),(706,3,1288190043,480),(707,4,1288190043,536),(708,5,1288190043,366),(709,3,1288190048,483),(710,4,1288190048,527),(711,5,1288190048,403),(712,3,1288190053,494),(713,4,1288190053,531),(714,5,1288190053,384),(715,3,1288190058,492),(716,4,1288190058,536),(717,5,1288190058,374),(718,3,1288190063,488),(719,4,1288190063,534),(720,5,1288190063,400),(721,3,1288190068,481),(722,4,1288190068,530),(723,5,1288190068,369),(724,3,1288190073,478),(725,3,1288190368,432),(726,4,1288190368,536),(727,5,1288190368,406),(728,3,1288190373,427),(729,4,1288190373,538),(730,5,1288190373,368),(731,3,1288190378,441),(732,4,1288190378,537),(733,5,1288190378,406),(734,3,1288190383,447),(735,4,1288190383,531),(736,5,1288190383,377),(737,3,1288190388,461),(738,4,1288190388,528),(739,5,1288190388,395),(740,3,1288190584,442),(741,4,1288190584,536),(742,5,1288190584,405),(743,3,1288190589,443),(744,4,1288190589,536),(745,5,1288190589,375),(746,3,1288190599,416),(747,4,1288190599,533),(748,5,1288190599,371),(749,3,1288190604,448),(750,4,1288190604,535),(751,5,1288190604,407),(752,3,1288191686,422),(753,4,1288191686,532),(754,5,1288191686,375),(755,3,1288191691,428),(756,4,1288191691,539),(757,5,1288191691,407),(758,3,1288191696,436),(759,4,1288191696,532),(760,5,1288191696,378),(761,3,1288191701,443),(762,4,1288191701,541),(763,5,1288191701,403),(764,3,1288191711,427),(765,4,1288191711,533),(766,5,1288191711,378),(767,3,1288191716,492),(768,4,1288191716,541),(769,5,1288191716,410),(770,3,1288191721,517),(771,4,1288191721,535),(772,5,1288191721,373),(773,3,1288191726,529),(774,4,1288191726,534),(775,5,1288191726,402),(776,3,1288191731,532),(777,4,1288191731,540),(778,5,1288191731,382),(779,3,1288191736,533),(780,4,1288191736,535),(781,5,1288191736,393),(782,3,1288191741,541),(783,4,1288191741,533),(784,5,1288191741,396),(785,3,1288191746,540),(786,4,1288191746,540),(787,5,1288191746,390),(788,3,1288191751,460),(789,4,1288191751,541),(790,5,1288191751,404),(791,3,1288191756,494),(792,4,1288191756,536),(793,5,1288191756,370),(794,3,1288191761,455),(795,4,1288191761,534),(796,5,1288191761,412),(797,3,1288191766,467),(798,4,1288191766,543),(799,5,1288191766,376),(800,3,1288191776,479),(801,4,1288191776,537),(802,5,1288191776,379),(803,3,1288191781,481),(804,4,1288191781,536),(805,5,1288191781,392),(806,3,1288191786,472),(807,4,1288191786,543),(808,5,1288191786,406),(809,3,1288191791,462),(810,4,1288191791,533),(811,5,1288191791,372),(812,3,1288191796,494),(813,4,1288191796,543),(814,5,1288191796,410),(815,3,1288191801,466),(816,4,1288191801,533),(817,5,1288191801,378),(818,3,1288191806,469),(819,4,1288191806,537),(820,5,1288191806,402);
/*!40000 ALTER TABLE `volatile` ENABLE KEYS */;
UNLOCK TABLES;
/*!40103 SET TIME_ZONE=@OLD_TIME_ZONE */;

/*!40101 SET SQL_MODE=@OLD_SQL_MODE */;
/*!40014 SET FOREIGN_KEY_CHECKS=@OLD_FOREIGN_KEY_CHECKS */;
/*!40014 SET UNIQUE_CHECKS=@OLD_UNIQUE_CHECKS */;
/*!40101 SET CHARACTER_SET_CLIENT=@OLD_CHARACTER_SET_CLIENT */;
/*!40101 SET CHARACTER_SET_RESULTS=@OLD_CHARACTER_SET_RESULTS */;
/*!40101 SET COLLATION_CONNECTION=@OLD_COLLATION_CONNECTION */;
/*!40111 SET SQL_NOTES=@OLD_SQL_NOTES */;

-- Dump completed on 2010-10-27 15:09:18
